<?xml version="1.0" encoding="utf-8"?>
<extension type="component" version="3.0" method="upgrade">
    <name>COM_FOLIO</name>
    <author>Sifat</author>
    <creationDate>July 18, 2018</creationDate>
    <copyright>(C) 2018 Sifat Haque. All rights reserved.</copyright>
    <license>GNU General Public License version 2 or later; see LICENSE.txt</license>
    <authorEmail>sifathaque6@gmail.com</authorEmail>
    <authorUrl>sifathaque6@gmail.com</authorUrl>
    <version>1.0.0</version>
    <description>COM_FOLIO_XML_DESCRIPTION</description>
    <scriptfile>script.php</scriptfile>
    <install>
		<sql>
			<file driver="mysql" charset="utf8">sql/install.mysql.utf8.sql</file>
		</sql>
	</install>
	<uninstall>
		<sql>
			<file driver="mysql" charset="utf8">sql/uninstall.mysql.utf8.sql</file>
		</sql>
	</uninstall>
	<files folder="site">
		<filename>index.html</filename>
	</files>
	<languages folder="site">
    	<language tag="en-GB">language/en-GB/en-GB.com_folio.ini</language>
	</languages>
	<administration>
		<menu img="class:categories">COM_FOLIO_MENU</menu>
		<files folder="admin">
			<filename>index.html</filename>
			<filename>access.xml</filename>
			<filename>config.xml</filename>
			<filename>controller.php</filename>
			<filename>script.php</filename>
			<filename>folio.php</filename>
			<folder>controllers</folder>
			<folder>helpers</folder>
			<folder>models</folder>
			<folder>sql</folder>
			<folder>tables</folder>
			<folder>views</folder>
		</files>
		<languages folder="admin">
			<language tag="en-GB">language/en-GB/en-GB.com_folio.ini</language>
			<language tag="en-GB">language/en-GB/en-GB.com_folio.sys.ini</language>
		</languages>
  </administration>

</extension>